epsilon,steps,alpha,seed,held_out,auroc,f1,acc,lpips,lpips_std,lpips_net,n_images,pkl_path
32/255,10,0.01,42,cavia2024,0.36705625,0.4963144963144963,0.385,0.12869253754615784,0.08958114683628082,alex,1000,
32/255,10,0.01,42,chen2024_clip,0.036762500000000004,0.30323679727427594,0.182,0.126808762550354,0.08914971351623535,alex,1000,
32/255,10,0.01,42,chen2024_convnext,0.36368749999999994,0.24166666666666667,0.272,0.12669014930725098,0.08920436352491379,alex,1000,
32/255,10,0.01,42,corvi2023,0.29024375,0.18461538461538463,0.258,0.12276709824800491,0.08757755905389786,alex,1000,
32/255,10,0.01,42,koutlis2024,0.0806,0.15723873441994246,0.121,0.12628166377544403,0.08876054733991623,alex,1000,
32/255,10,0.01,42,ojha2023,0.22725,0.15614973262032084,0.211,0.12697581946849823,0.0891069695353508,alex,1000,
32/255,10,0.01,42,wang2020,0.2722125,0.09051724137931035,0.156,0.12779730558395386,0.0894717201590538,alex,1000,
32/255,10,0.01,123,cavia2024,0.36706249999999996,0.5101543460601138,0.397,0.128801628947258,0.0897473469376564,alex,1000,
32/255,10,0.01,123,chen2024_clip,0.030912500000000002,0.327455919395466,0.199,0.12656977772712708,0.08881041407585144,alex,1000,
32/255,10,0.01,123,chen2024_convnext,0.35528125,0.24455958549222798,0.271,0.12665608525276184,0.0891307145357132,alex,1000,
32/255,10,0.01,123,corvi2023,0.291490625,0.19213973799126638,0.26,0.12270534783601761,0.08799705654382706,alex,1000,
32/255,10,0.01,123,koutlis2024,0.07349687500000002,0.17958412098298673,0.132,0.1262243390083313,0.0887429416179657,alex,1000,
32/255,10,0.01,123,ojha2023,0.24466875,0.15991471215351813,0.212,0.12699775397777557,0.08894933015108109,alex,1000,
32/255,10,0.01,123,wang2020,0.258025,0.09523809523809523,0.164,0.12782420217990875,0.08952897042036057,alex,1000,
32/255,10,0.01,234,cavia2024,0.36473124999999995,0.48885218827415355,0.381,0.12870235741138458,0.08971694111824036,alex,1000,
32/255,10,0.01,234,chen2024_clip,0.0336,0.30756159728122345,0.185,0.1267239898443222,0.08898105472326279,alex,1000,
32/255,10,0.01,234,chen2024_convnext,0.3633125,0.23883696780893043,0.267,0.1266493797302246,0.0889337882399559,alex,1000,
32/255,10,0.01,234,corvi2023,0.29015,0.1879781420765027,0.257,0.12282992154359818,0.08789736777544022,alex,1000,
32/255,10,0.01,234,koutlis2024,0.07295937499999999,0.16777883698760726,0.127,0.12616194784641266,0.08872164040803909,alex,1000,
32/255,10,0.01,234,ojha2023,0.23926875,0.17112299465240643,0.225,0.12701374292373657,0.08902937173843384,alex,1000,
32/255,10,0.01,234,wang2020,0.24489999999999998,0.08779443254817985,0.148,0.12784221768379211,0.08963426202535629,alex,1000,
32/255,10,0.03,42,cavia2024,0.288175,0.41171403962101644,0.317,0.30800557136535645,0.14193961024284363,alex,1000,
32/255,10,0.03,42,chen2024_clip,0.0097375,0.1467038068709378,0.081,0.302998811006546,0.1413642019033432,alex,1000,
32/255,10,0.03,42,chen2024_convnext,0.17428750000000004,0.019417475728155338,0.192,0.303137868642807,0.14222915470600128,alex,1000,
32/255,10,0.03,42,corvi2023,0.08137500000000002,0.018626309662398137,0.157,0.2909041941165924,0.1394699662923813,alex,1000,
32/255,10,0.03,42,koutlis2024,0.027568750000000003,0.029197080291970805,0.069,0.30343154072761536,0.14181871712207794,alex,1000,
32/255,10,0.03,42,ojha2023,0.1474625,0.0738327904451683,0.147,0.3038080930709839,0.1422327607870102,alex,1000,
32/255,10,0.03,42,wang2020,0.05846875,0.004343105320304018,0.083,0.3061092495918274,0.1422925740480423,alex,1000,
32/255,10,0.03,123,cavia2024,0.29078750000000003,0.409366869037294,0.319,0.30776238441467285,0.1419985145330429,alex,1000,
32/255,10,0.03,123,chen2024_clip,0.0102625,0.14856081708449398,0.083,0.3027631342411041,0.1411730796098709,alex,1000,
32/255,10,0.03,123,chen2024_convnext,0.18470624999999996,0.016726403823178016,0.177,0.30320364236831665,0.14209885895252228,alex,1000,
32/255,10,0.03,123,koutlis2024,0.026834375,0.018769551616266946,0.059,0.30394330620765686,0.14207085967063904,alex,1000,
32/255,10,0.03,123,ojha2023,0.13124375,0.09492988133764832,0.161,0.30365294218063354,0.1416352093219757,alex,1000,
32/255,10,0.03,123,wang2020,0.0637125,0.004385964912280702,0.092,0.3061327040195465,0.1425643116235733,alex,1000,
32/255,10,0.03,234,cavia2024,0.29092500000000004,0.4062229904926534,0.313,0.3077932298183441,0.14179974794387817,alex,1000,
32/255,10,0.03,234,chen2024_clip,0.008362500000000002,0.1736745886654479,0.096,0.3033030927181244,0.14164747297763824,alex,1000,
32/255,10,0.03,234,chen2024_convnext,0.18939375,0.02395209580838323,0.185,0.30301591753959656,0.14177778363227844,alex,1000,
32/255,10,0.03,234,corvi2023,0.0829125,0.023094688221709004,0.154,0.291326642036438,0.14012962579727173,alex,1000,
32/255,10,0.03,234,koutlis2024,0.024625,0.02688728024819028,0.059,0.30397212505340576,0.14249467849731445,alex,1000,
32/255,10,0.03,234,ojha2023,0.130475,0.09197860962566845,0.151,0.30378666520118713,0.14183522760868073,alex,1000,
32/255,10,0.03,234,wang2020,0.05919375000000001,0.0021834061135371182,0.086,0.30599358677864075,0.1426045000553131,alex,1000,
32/255,10,0.05,42,cavia2024,0.2827875,0.32228360957642727,0.264,0.41611355543136597,0.1656709909439087,alex,1000,
32/255,10,0.05,42,chen2024_clip,0.011868750000000003,0.09569377990430622,0.055,0.4103189706802368,0.16523127257823944,alex,1000,
32/255,10,0.05,42,chen2024_convnext,0.1861375,0.004860267314702309,0.181,0.4109008312225342,0.16625025868415833,alex,1000,
32/255,10,0.05,42,corvi2023,0.0705375,0.018202502844141072,0.137,0.3983336091041565,0.16546036303043365,alex,1000,
32/255,10,0.05,42,koutlis2024,0.026209375000000007,0.016563146997929608,0.05,0.41178083419799805,0.16622516512870789,alex,1000,
32/255,10,0.05,42,ojha2023,0.11196875,0.10256410256410256,0.125,0.4110468029975891,0.16604913771152496,alex,1000,
32/255,10,0.05,42,wang2020,0.038012500000000005,0.002178649237472767,0.084,0.4115888774394989,0.1652497500181198,alex,1000,
32/255,10,0.05,123,cavia2024,0.277775,0.3271719038817006,0.272,0.41666439175605774,0.1653757244348526,alex,1000,
32/255,10,0.05,123,chen2024_convnext,0.19926249999999995,0.007326007326007325,0.187,0.4102414548397064,0.16605865955352783,alex,1000,
32/255,10,0.05,123,corvi2023,0.06972500000000001,0.016055045871559634,0.142,0.39783117175102234,0.16457568109035492,alex,1000,
32/255,10,0.05,123,koutlis2024,0.029271875000000006,0.016546018614270942,0.049,0.4113444685935974,0.16564525663852692,alex,1000,
32/255,10,0.05,123,ojha2023,0.10736875,0.10601427115188584,0.123,0.41076335310935974,0.16595177352428436,alex,1000,
32/255,10,0.05,123,wang2020,0.043075,0.0021857923497267764,0.087,0.4114413261413574,0.16507165133953094,alex,1000,
32/255,10,0.05,234,cavia2024,0.27161875,0.3210332103321033,0.264,0.41636013984680176,0.16562846302986145,alex,1000,
32/255,10,0.05,234,chen2024_clip,0.011175000000000004,0.11026615969581748,0.064,0.4101426899433136,0.16551773250102997,alex,1000,
32/255,10,0.05,234,chen2024_convnext,0.18691875000000002,0.004878048780487805,0.184,0.40983060002326965,0.16538415849208832,alex,1000,
32/255,10,0.05,234,corvi2023,0.0689125,0.020477815699658702,0.139,0.3977934718132019,0.16497960686683655,alex,1000,
32/255,10,0.05,234,koutlis2024,0.023178125000000004,0.022703818369453045,0.053,0.41123536229133606,0.16566592454910278,alex,1000,
32/255,10,0.05,234,ojha2023,0.10203125,0.1105424769703173,0.131,0.41135096549987793,0.16579140722751617,alex,1000,
32/255,10,0.05,234,wang2020,0.038062500000000006,0.0,0.083,0.4114120304584503,0.16444432735443115,alex,1000,
32/255,20,0.01,42,cavia2024,0.31926875,0.43270868824531517,0.334,0.1742667853832245,0.10225840657949448,alex,1000,
32/255,20,0.01,42,chen2024_clip,0.042543750000000005,0.2510974539069359,0.147,0.17147165536880493,0.10139515995979309,alex,1000,
32/255,20,0.01,42,chen2024_convnext,0.24805625,0.08333333333333333,0.208,0.1714014708995819,0.10181383788585663,alex,1000,
32/255,20,0.01,42,corvi2023,0.1343375,0.05767012687427912,0.183,0.1603911817073822,0.09935194253921509,alex,1000,
32/255,20,0.01,42,koutlis2024,0.026531250000000006,0.0712871287128713,0.062,0.17239221930503845,0.10218256711959839,alex,1000,
32/255,20,0.01,42,ojha2023,0.23867499999999997,0.055491329479768786,0.183,0.1724015176296234,0.10173439979553223,alex,1000,
32/255,20,0.01,42,wang2020,0.08633125000000001,0.00903954802259887,0.123,0.17817659676074982,0.10346314311027527,alex,1000,
32/255,20,0.01,123,cavia2024,0.31675624999999996,0.44763513513513514,0.346,0.1743842512369156,0.10237681865692139,alex,1000,
32/255,20,0.01,123,corvi2023,0.13566875,0.06199770378874857,0.183,0.1605226993560791,0.09947141259908676,alex,1000,
32/255,20,0.01,123,ojha2023,0.23430625,0.04935370152761456,0.191,0.17208260297775269,0.10124150663614273,alex,1000,
32/255,20,0.01,234,cavia2024,0.31785624999999995,0.43611584327086883,0.338,0.17418557405471802,0.10242766886949539,alex,1000,
32/255,20,0.01,234,chen2024_clip,0.03530625,0.25087719298245614,0.146,0.1713794320821762,0.10130016505718231,alex,1000,
32/255,20,0.01,234,chen2024_convnext,0.24366875000000002,0.07906976744186048,0.208,0.17135782539844513,0.10169630497694016,alex,1000,
32/255,20,0.01,234,corvi2023,0.13596250000000001,0.06451612903225806,0.188,0.16027416288852692,0.09921014308929443,alex,1000,
32/255,20,0.01,234,koutlis2024,0.021306250000000006,0.06181455633100698,0.059,0.17226195335388184,0.10223853588104248,alex,1000,
32/255,20,0.01,234,ojha2023,0.23047499999999999,0.0774487471526196,0.19,0.17230841517448425,0.10151340067386627,alex,1000,
32/255,20,0.01,234,wang2020,0.08741874999999999,0.0044994375703037125,0.115,0.17832061648368835,0.10363312065601349,alex,1000,
32/255,20,0.03,42,cavia2024,0.27446875000000004,0.31608133086876156,0.26,0.3803768455982208,0.15522541105747223,alex,1000,
32/255,20,0.03,42,chen2024_clip,0.021568750000000005,0.1384471468662301,0.079,0.3761179745197296,0.15475992858409882,alex,1000,
32/255,20,0.03,42,chen2024_convnext,0.26773125,0.0049751243781094535,0.2,0.3763188421726227,0.15513549745082855,alex,1000,
32/255,20,0.03,42,corvi2023,0.04260000000000001,0.009142857142857144,0.133,0.3625029921531677,0.15406188368797302,alex,1000,
32/255,20,0.03,42,koutlis2024,0.010612500000000002,0.010309278350515464,0.04,0.37982669472694397,0.15457256138324738,alex,1000,
32/255,20,0.03,42,ojha2023,0.15967499999999998,0.06465997770345595,0.161,0.3770098388195038,0.15576812624931335,alex,1000,
32/255,20,0.03,42,wang2020,0.021987500000000004,0.0,0.117,0.3819003403186798,0.15540561079978943,alex,1000,
32/255,20,0.03,234,cavia2024,0.27708125000000006,0.3219871205151794,0.263,0.38026389479637146,0.15507188439369202,alex,1000,
32/255,20,0.03,234,chen2024_clip,0.0312875,0.18114602587800369,0.114,0.37636739015579224,0.15491272509098053,alex,1000,
32/255,20,0.03,234,chen2024_convnext,0.2401625,0.002484472049689441,0.197,0.3765507638454437,0.15497303009033203,alex,1000,
32/255,20,0.03,234,corvi2023,0.04270625000000001,0.006857142857142857,0.131,0.36269763112068176,0.15472537279129028,alex,1000,
32/255,20,0.03,234,koutlis2024,0.010400000000000005,0.008316008316008316,0.046,0.3798292279243469,0.15445037186145782,alex,1000,
32/255,20,0.03,234,ojha2023,0.1622,0.05381165919282511,0.156,0.3767297863960266,0.1550172120332718,alex,1000,
32/255,20,0.03,234,wang2020,0.024031250000000004,0.0,0.11,0.3820342719554901,0.15556076169013977,alex,1000,
32/255,20,0.05,42,cavia2024,0.2849625,0.2543689320388349,0.232,0.4449595808982849,0.16846950352191925,alex,1000,
32/255,20,0.05,42,chen2024_clip,0.02948750000000001,0.10454985479186835,0.075,0.44149187207221985,0.1684112399816513,alex,1000,
32/255,20,0.05,42,chen2024_convnext,0.29046249999999996,0.002484472049689441,0.197,0.4416902959346771,0.16838936507701874,alex,1000,
32/255,20,0.05,42,corvi2023,0.05329375000000001,0.009111617312072894,0.13,0.42505383491516113,0.16803620755672455,alex,1000,
32/255,20,0.05,42,koutlis2024,0.010415625000000005,0.01450777202072539,0.049,0.44414690136909485,0.16808569431304932,alex,1000,
32/255,20,0.05,42,ojha2023,0.14486875,0.07311827956989249,0.138,0.442457377910614,0.16838042438030243,alex,1000,
32/255,20,0.05,42,wang2020,0.030256250000000002,0.0,0.141,0.44672730565071106,0.16851305961608887,alex,1000,
32/255,20,0.05,234,cavia2024,0.29011875,0.2563106796116505,0.234,0.44528111815452576,0.16837823390960693,alex,1000,
32/255,20,0.05,234,chen2024_clip,0.024750000000000008,0.1147227533460803,0.074,0.4419388771057129,0.1684432029724121,alex,1000,
32/255,20,0.05,234,chen2024_convnext,0.27459375,0.004962779156327543,0.198,0.4416434168815613,0.1684345006942749,alex,1000,
32/255,20,0.05,234,corvi2023,0.055018750000000005,0.011325028312570781,0.127,0.425545334815979,0.16770774126052856,alex,1000,
32/255,20,0.05,234,koutlis2024,0.006328125000000002,0.008255933952528379,0.039,0.444411039352417,0.168101966381073,alex,1000,
32/255,20,0.05,234,ojha2023,0.15498125,0.079484425349087,0.143,0.44234317541122437,0.16867023706436157,alex,1000,
32/255,20,0.05,234,wang2020,0.03218125000000001,0.0,0.137,0.4471612274646759,0.16830487549304962,alex,1000,
32/255,30,0.01,42,cavia2024,0.30654375,0.40069686411149824,0.312,0.21059612929821014,0.11069275438785553,alex,1000,
32/255,30,0.01,42,chen2024_clip,0.062306249999999994,0.2945736434108527,0.181,0.2075648307800293,0.11082835495471954,alex,1000,
32/255,30,0.01,42,chen2024_convnext,0.19566874999999997,0.03592814371257485,0.195,0.2077934592962265,0.11053508520126343,alex,1000,
32/255,30,0.01,42,corvi2023,0.08779375,0.02784222737819025,0.162,0.19270969927310944,0.10892431437969208,alex,1000,
32/255,30,0.01,42,koutlis2024,0.012525000000000005,0.02416918429003021,0.031,0.2108023762702942,0.11120101809501648,alex,1000,
32/255,30,0.01,42,ojha2023,0.22325625,0.02619047619047619,0.182,0.20834335684776306,0.11026972532272339,alex,1000,
32/255,30,0.01,42,wang2020,0.03393125000000001,0.0022296544035674474,0.105,0.21901346743106842,0.11371797323226929,alex,1000,
32/255,30,0.01,234,cavia2024,0.3033187500000001,0.41278065630397237,0.32,0.21073180437088013,0.11123984307050705,alex,1000,
32/255,30,0.01,234,chen2024_clip,0.052693750000000004,0.29888983774551664,0.179,0.20750567317008972,0.11023574322462082,alex,1000,
32/255,30,0.01,234,chen2024_convnext,0.2053625,0.026537997587454766,0.193,0.20794934034347534,0.11027177423238754,alex,1000,
32/255,30,0.01,234,corvi2023,0.08916875,0.03033838973162194,0.169,0.19272583723068237,0.10860416293144226,alex,1000,
32/255,30,0.01,234,koutlis2024,0.008518750000000002,0.030090270812437314,0.033,0.2108149528503418,0.11138135939836502,alex,1000,
32/255,30,0.01,234,ojha2023,0.21906874999999998,0.046620046620046623,0.182,0.20845864713191986,0.11024300009012222,alex,1000,
32/255,30,0.01,234,wang2020,0.03173125,0.0022222222222222222,0.102,0.21873202919960022,0.11361702531576157,alex,1000,
32/255,30,0.03,42,cavia2024,0.2567625,0.25862068965517243,0.226,0.4065740704536438,0.15897518396377563,alex,1000,
32/255,30,0.03,42,chen2024_clip,0.05275000000000001,0.24355555555555558,0.149,0.4035503566265106,0.1590985208749771,alex,1000,
32/255,30,0.03,42,chen2024_convnext,0.29574375,0.0024906600249066002,0.199,0.40369799733161926,0.1591021865606308,alex,1000,
32/255,30,0.03,42,corvi2023,0.04811875000000001,0.008998875140607425,0.119,0.3905852437019348,0.15980735421180725,alex,1000,
32/255,30,0.03,42,koutlis2024,0.007393750000000004,0.006179196704428424,0.035,0.4086059629917145,0.15858669579029083,alex,1000,
32/255,30,0.03,42,ojha2023,0.21393125000000002,0.08685968819599109,0.18,0.4038669466972351,0.15890370309352875,alex,1000,
32/255,30,0.03,42,wang2020,0.013475000000000003,0.0,0.106,0.40993618965148926,0.16023726761341095,alex,1000,
32/255,30,0.03,234,cavia2024,0.2728625,0.2581888246628131,0.23,0.40712735056877136,0.15887291729450226,alex,1000,
32/255,30,0.03,234,chen2024_clip,0.04886875,0.2119565217391304,0.13,0.4037448763847351,0.15951742231845856,alex,1000,
32/255,30,0.03,234,chen2024_convnext,0.27958125,0.004956629491945477,0.197,0.4031723141670227,0.15911297500133514,alex,1000,
32/255,30,0.03,234,corvi2023,0.04326875000000001,0.008998875140607425,0.119,0.39063385128974915,0.16030482947826385,alex,1000,
32/255,30,0.03,234,koutlis2024,0.008640625000000006,0.00823045267489712,0.036,0.40909332036972046,0.1586690992116928,alex,1000,
32/255,30,0.03,234,ojha2023,0.21520625,0.09343715239154617,0.185,0.4031512439250946,0.15991760790348053,alex,1000,
32/255,30,0.03,234,wang2020,0.012706250000000006,0.0,0.102,0.41013264656066895,0.16025955975055695,alex,1000,
32/255,30,0.05,42,cavia2024,0.29921875,0.2706913339824732,0.251,0.4507211446762085,0.16786126792430878,alex,1000,
32/255,30,0.05,42,chen2024_clip,0.044312500000000005,0.13371537726838584,0.093,0.4482465982437134,0.16834872961044312,alex,1000,
32/255,30,0.05,42,chen2024_convnext,0.3023874999999999,0.0049813200498132005,0.201,0.44770383834838867,0.16814352571964264,alex,1000,
32/255,30,0.05,42,koutlis2024,0.008568750000000005,0.006179196704428424,0.035,0.45117872953414917,0.16774185001850128,alex,1000,
32/255,30,0.05,42,ojha2023,0.14420625,0.09178228388473851,0.149,0.4484117031097412,0.16838395595550537,alex,1000,
32/255,30,0.05,42,wang2020,0.034125,0.0,0.146,0.454698771238327,0.16898545622825623,alex,1000,
32/255,30,0.05,234,cavia2024,0.29341249999999997,0.24999999999999997,0.238,0.45069029927253723,0.1682336926460266,alex,1000,
32/255,30,0.05,234,chen2024_clip,0.04601875000000001,0.15660377358490563,0.106,0.44795748591423035,0.16793757677078247,alex,1000,
32/255,30,0.05,234,chen2024_convnext,0.334225,0.004987531172069826,0.202,0.4477808475494385,0.16792069375514984,alex,1000,
32/255,30,0.05,234,koutlis2024,0.005406250000000003,0.012195121951219511,0.028,0.45121464133262634,0.1674230545759201,alex,1000,
32/255,30,0.05,234,ojha2023,0.16960625000000001,0.08269858541893363,0.157,0.4482799470424652,0.16841541230678558,alex,1000,
32/255,30,0.05,234,wang2020,0.03263125000000001,0.0,0.146,0.4549242854118347,0.16892455518245697,alex,1000,
